<?xml version="1.0" encoding="UTF-8"?>
<services-config>
  <services>
    <service id="helloworld-service"
          class="flex.messaging.services.RemotingService"
          messageTypes="flex.messaging.messages.RemotingMessage">
        <destination id="helloworld">
          <channels>
            <channel ref="helloworld-channel"/>
          </channels>
          <properties>
            <source>*</source>
          </properties>
        </destination>
    </service> 
    <service id="flextest-service"
          class="flex.messaging.services.RemotingService"
          messageTypes="flex.messaging.messages.RemotingMessage">
        <destination id="flextest">
          <channels>
            <channel ref="flextest-channel"/>
          </channels>
          <properties>
            <source>*</source>
          </properties>
        </destination>
    </service>
  </services>
    <channels>
          <channel-definition id="flextest-channel"
            class="mx.messaging.channels.AMFChannel">
        <endpoint uri="http://www.guofang.com/project/amf/index"  class="flex.messaging.endpoints.AMFEndpoint"/>
      </channel-definition>
      <channel-definition id="helloworld-channel"
            class="mx.messaging.channels.AMFChannel">
        <endpoint uri="http://www.guofang.com/project/amf/index"  class="flex.messaging.endpoints.AMFEndpoint"/>
      </channel-definition>
    </channels>
</services-config>
